{"cameraMode":{"drawMode":0,"name":"Shaded","section":"Shading Mode"},"sceneLighting":false,"audioPlay":false,"sceneViewState":{"showFog":true,"showMaterialUpdate":false,"showSkybox":false,"showFlares":true,"showImageEffects":true,"showParticleSystems":true,"showVisualEffectGraphs":true,"m_FxEnabled":true},"in2DMode":false,"pivot":{"x":0.0027537941932678224,"y":0.6031414866447449,"z":0.024144500494003297},"rotation":{"x":0.17541362345218659,"y":0.43840688467025759,"z":-0.0877184346318245,"w":0.8771493434906006},"size":1.1016249656677247,"orthographic":true}