{"cameraMode":{"drawMode":0,"name":"Shaded","section":"Shading Mode"},"sceneLighting":true,"audioPlay":false,"sceneViewState":{"showFog":true,"showMaterialUpdate":false,"showSkybox":true,"showFlares":true,"showImageEffects":true,"showParticleSystems":true,"showVisualEffectGraphs":true,"m_FxEnabled":true},"in2DMode":false,"pivot":{"x":-16.969999313354493,"y":2.6000001430511476,"z":10.639999389648438},"rotation":{"x":0.03882019221782684,"y":0.9029426574707031,"z":-0.08371083438396454,"w":0.4199112057685852},"size":5.790915489196777,"orthographic":true}